metric,value
reading_time,1.2186365127563477
processing_time,230.56080269813538
total_records,144686068
