metric,value
reading_time,1.351377248764038
processing_time,335.2390775680542
total_records,144686068
