metric,value
reading_time,2.265143871307373
processing_time,187.8617467880249
total_records,144686068
