metric,value
reading_time,1.4098477363586426
processing_time,420.3796133995056
total_records,144686068
