metric,value
reading_time,27.482106685638428
processing_time,13.95120120048523
total_records,37780
