metric,value
reading_time,27.138984441757202
processing_time,21.618196725845337
total_records,37780
