metric,value
reading_time,104.70271134376526
processing_time,170.3018398284912
jobs_records,2012242
tasks_records,144648288
total_records,146660530
