metric,value
reading_time,59.73180341720581
processing_time,113.32567143440247
total_records,144648288
