metric,value
reading_time,88.6056900024414
processing_time,486.60136222839355
total_records,144686068
