metric,value
reading_time,55.96563363075256
processing_time,269.1552994251251
total_records,144648288
