metric,value
reading_time,112.30308556556702
processing_time,1121.2806208133698
total_records,1377447596
