metric,value
reading_time,45.71112275123596
processing_time,483.8421745300293
total_records,1232799308
