total_lost_power,total_available_power,percentage_lost
80273246292457.75,2.8460927732125812e+16,0.282047187807753
