reading_time,processing_time
104.70271134376526,170.3018398284912
