range,avg_evictions
0,420.5162082514735
1,491.44090028320164
2,383.7589641434263
3,589.2597239648683
