metric,value
CPU Correlation,0.1811721347876609
Memory Correlation,0.14714857823475933
