range,avg_evictions
0,236.6875
1,190.1951219512195
2,461.22594789785916
3,589.0276381909548
