category,count,percentage
Same Machine,491996,73.33624494504954
Different Machines,178881,26.66375505495046
