resource,correlation
CPU peaks,0.04729095159139974
Memory peaks,0.31800660376908396
